<?xml version="1.0" encoding="UTF-8" ?>
<OpenSimDocument Version="40000">
	<InverseKinematicsStudy>
        <!--The time range for the study.-->
		<time_range>7.25 15</time_range>
		<!--The label of the base IMU in the orientations_file used to account for the heading difference between the sensor data and the forward direction of the model. Leave blank if no heading correction is to be applied.-->
		<base_imu_label>pelvis_imu</base_imu_label>
		<!--The axis of the base IMU that corresponds to its heading direction.Options are 'x', 'y' or 'z'.-->
		<base_heading_axis>z</base_heading_axis>
		<!--Name/path to the xml .osim file used to load a model to be analyzed.-->
		<model_file_name>calibrated_imuTrackingModel.osim</model_file_name>
		<!--Name/path to a .sto file of sensor frame orientations as quaternions.-->
		<orientations_file_name>MT_012005D6_009-001_orientations.sto</orientations_file_name>
		<results_directory>IKResults</results_directory>
	</InverseKinematicsStudy>
</OpenSimDocument>
